id,first_name,last_name,email,gender,ip_address
1,Lissie,Hurcombe,lhurcombe0@behance.net,Female,146.91.92.49
2,Danie,Gerssam,dgerssam1@wikispaces.com,Male,49.57.252.25
3,Sib,Dibbert,sdibbert2@yellowpages.com,Non-binary,78.101.114.4
4,Salomon,Perrott,sperrott3@nhs.uk,Male,135.22.85.166
5,Karee,Wintersgill,kwintersgill4@hp.com,Female,131.134.120.249
6,Flossy,Minnis,fminnis5@abc.net.au,Female,242.134.35.61
7,Roosevelt,Eicheler,reicheler6@g.co,Male,13.154.58.122
8,Analiese,Lias,alias7@foxnews.com,Female,217.107.63.127
9,Miles,Dymidowicz,mdymidowicz8@marketwatch.com,Male,252.60.40.56
10,Adrianna,Fiske,afiske9@dion.ne.jp,Female,81.67.102.151
11,Nikolas,Vyvyan,nvyvyana@twitter.com,Male,7.156.122.159
12,Haydon,Bilbery,hbilberyb@prnewswire.com,Male,99.174.108.123
13,Dean,Gonthier,dgonthierc@instagram.com,Male,71.38.89.218
14,Fleming,Hordle,fhordled@ibm.com,Male,90.224.11.16
15,Annelise,Overbury,aoverburye@toplist.cz,Female,123.80.254.230
16,Dacia,Iannuzzi,diannuzzif@usatoday.com,Female,70.144.200.108
17,Jean,Brizland,jbrizlandg@shop-pro.jp,Female,228.250.72.191
18,Lebbie,Hoggetts,lhoggettsh@merriam-webster.com,Non-binary,7.9.143.47
19,Darbie,Astridge,dastridgei@networksolutions.com,Female,144.249.180.247
20,Joan,Jouannin,jjouanninj@redcross.org,Non-binary,243.225.139.157
21,Cody,Simenet,csimenetk@youtube.com,Male,162.236.241.69
22,Marylou,Kelshaw,mkelshawl@livejournal.com,Female,115.20.42.73
23,Vaughn,Kean,vkeanm@latimes.com,Male,116.126.13.46
24,Raleigh,Ollin,rollinn@arstechnica.com,Male,199.144.150.65
25,Cynthea,Burrells,cburrellso@ucla.edu,Female,180.149.112.100
26,Frederigo,Harrowing,fharrowingp@plala.or.jp,Male,85.221.197.89
27,Goldie,Attenburrow,gattenburrowq@typepad.com,Female,4.182.206.15
28,Kellsie,Heims,kheimsr@hao123.com,Female,61.137.118.217
29,Devy,Dowbiggin,ddowbiggins@trellian.com,Male,63.105.138.126
30,Meredeth,Glencrosche,mglencroschet@google.ca,Male,104.13.47.68
31,Lancelot,Janku,ljankuu@about.com,Male,232.225.37.104
32,Rolfe,Cubitt,rcubittv@myspace.com,Male,4.213.219.167
33,Gauthier,Heading,gheadingw@imageshack.us,Male,103.93.133.42
34,Johnny,Tuck,jtuckx@ow.ly,Male,91.176.239.141
35,Shoshanna,Trusdale,strusdaley@pen.io,Female,85.252.70.17
36,Talbot,Duffett,tduffettz@constantcontact.com,Male,237.169.58.100
37,Berne,Fayerman,bfayerman10@geocities.jp,Male,51.168.99.184
38,Glynn,Oldridge,goldridge11@reverbnation.com,Male,236.153.236.212
39,Blondy,Carmel,bcarmel12@creativecommons.org,Female,45.189.63.196
40,Chloe,Dwire,cdwire13@drupal.org,Female,93.211.159.206
41,Natalie,Pollins,npollins14@bbc.co.uk,Female,124.185.249.33
42,Emma,Blewmen,eblewmen15@instagram.com,Non-binary,28.108.104.113
43,Nathan,Hirschmann,nhirschmann16@purevolume.com,Male,43.107.54.220
44,Letisha,Asee,lasee17@altervista.org,Female,25.84.78.117
45,Karry,Victory,kvictory18@google.cn,Female,32.202.39.112
46,Blakelee,Simpkins,bsimpkins19@sciencedaily.com,Agender,40.61.122.200
47,Terri,Keighley,tkeighley1a@merriam-webster.com,Male,237.121.133.164
48,Clemente,Beaglehole,cbeaglehole1b@microsoft.com,Male,239.134.53.162
49,Neda,MacAless,nmacaless1c@howstuffworks.com,Female,15.178.107.42
50,Eliot,Bere,ebere1d@sakura.ne.jp,Male,17.85.83.60
51,Vince,Castelyn,vcastelyn1e@netvibes.com,Male,98.9.182.106
52,Clementine,Rulton,crulton1f@scientificamerican.com,Female,78.221.144.176
53,Moshe,McGloughlin,mmcgloughlin1g@opensource.org,Male,39.229.91.140
54,Konstantine,Gislebert,kgislebert1h@eepurl.com,Male,220.134.94.116
55,Ezra,Lohde,elohde1i@usda.gov,Male,216.174.203.24
56,Nevsa,McNicol,nmcnicol1j@goo.gl,Female,159.223.41.191
57,Cob,Calbert,ccalbert1k@vkontakte.ru,Male,40.155.235.249
58,Kiley,Sisnett,ksisnett1l@naver.com,Male,4.73.112.38
59,Leone,Ghelarducci,lghelarducci1m@wix.com,Genderqueer,248.118.231.131
60,Eleni,Antonazzi,eantonazzi1n@tmall.com,Female,239.236.167.55
61,Stu,De Carteret,sdecarteret1o@live.com,Male,165.121.183.148
62,Fabien,Nutt,fnutt1p@ow.ly,Male,192.144.96.166
63,Grace,Greim,ggreim1q@nyu.edu,Male,85.18.48.121
64,Venus,Urian,vurian1r@webeden.co.uk,Bigender,99.94.200.198
65,Arly,Laurencot,alaurencot1s@gov.uk,Female,111.231.61.24
66,Louisa,Urwin,lurwin1t@booking.com,Female,48.217.98.133
67,Wenda,Burds,wburds1u@squidoo.com,Female,223.51.182.237
68,Vincents,Cyson,vcyson1v@rakuten.co.jp,Male,48.16.34.72
69,Emeline,Beves,ebeves1w@hao123.com,Female,141.88.41.221
70,King,Peterkin,kpeterkin1x@nasa.gov,Male,213.128.165.230
71,Merle,Kaasmann,mkaasmann1y@plala.or.jp,Male,35.255.124.228
72,Dynah,Fawdrey,dfawdrey1z@cbsnews.com,Female,71.151.17.100
73,Sunny,Giordano,sgiordano20@histats.com,Male,157.26.44.83
74,Tamara,Cocksedge,tcocksedge21@dot.gov,Bigender,13.103.63.59
75,Elicia,Neller,eneller22@ucoz.com,Female,176.14.11.94
76,Linnea,Westwood,lwestwood23@reddit.com,Genderfluid,202.39.195.134
77,Tim,McGeachie,tmcgeachie24@vistaprint.com,Female,150.208.9.148
78,Tarrah,Umney,tumney25@oaic.gov.au,Female,41.22.33.152
79,Harli,McCue,hmccue26@nature.com,Female,31.125.73.102
80,Galvin,McArte,gmcarte27@over-blog.com,Male,187.117.49.125
81,Uta,Hannis,uhannis28@myspace.com,Non-binary,111.161.34.131
82,Carmine,Coverlyn,ccoverlyn29@sakura.ne.jp,Female,230.166.26.29
83,Brenna,Van den Bosch,bvandenbosch2a@mediafire.com,Female,225.82.7.78
84,Cordy,Braidwood,cbraidwood2b@apache.org,Male,55.188.175.18
85,Allyn,Noyce,anoyce2c@cloudflare.com,Bigender,111.0.233.142
86,Terese,Steinor,tsteinor2d@unesco.org,Female,202.241.128.234
87,Roselia,McKim,rmckim2e@tmall.com,Female,183.161.135.87
88,Stacia,De Clairmont,sdeclairmont2f@sakura.ne.jp,Bigender,151.61.84.114
89,Kellie,McCuthais,kmccuthais2g@amazon.de,Female,88.35.240.250
90,Elbertine,Ketchen,eketchen2h@4shared.com,Female,53.63.56.191
91,Emlyn,Tarr,etarr2i@cafepress.com,Agender,230.235.69.62
92,Ring,Shirer,rshirer2j@issuu.com,Male,11.165.221.151
93,Tonia,Konneke,tkonneke2k@sciencedirect.com,Female,140.100.240.197
94,Nert,Espinho,nespinho2l@t.co,Genderqueer,239.32.96.195
95,Sansone,Tewes,stewes2m@microsoft.com,Male,78.67.74.200
96,Ravi,Djokovic,rdjokovic2n@time.com,Male,105.119.249.203
97,Nariko,Whitton,nwhitton2o@patch.com,Female,214.24.37.8
98,Norton,Papachristophorou,npapachristophorou2p@printfriendly.com,Male,133.151.129.1
99,Bessy,Creek,bcreek2q@technorati.com,Genderfluid,222.39.149.236
100,Cherin,Cords,ccords2r@europa.eu,Female,155.160.166.13
101,Audi,Flag,aflag2s@dot.gov,Female,63.171.39.63
102,Teador,Wilstead,twilstead2t@acquirethisname.com,Male,139.215.218.222
103,Tansy,Hrinchenko,thrinchenko2u@fda.gov,Female,117.61.13.204
104,Mariette,Lange,mlange2v@sourceforge.net,Female,92.62.208.29
105,Teena,Stieger,tstieger2w@dmoz.org,Female,127.59.51.93
106,Herta,Huckin,hhuckin2x@ebay.com,Female,45.17.145.9
107,Kermie,Assender,kassender2y@symantec.com,Bigender,180.230.217.157
108,Corabel,Dunbobin,cdunbobin2z@lulu.com,Female,42.206.230.254
109,Nealy,Geldeard,ngeldeard30@goo.ne.jp,Male,153.102.197.64
110,Ody,Chamberlin,ochamberlin31@godaddy.com,Male,194.155.212.31
111,Dorothy,Shimuk,dshimuk32@163.com,Female,67.248.166.238
112,Starlene,Tenniswood,stenniswood33@economist.com,Female,51.194.109.130
113,Lambert,Atkin,latkin34@dion.ne.jp,Male,140.11.65.188
114,Gare,Fearey,gfearey35@eepurl.com,Male,144.90.6.242
115,Aldridge,Skeete,askeete36@reverbnation.com,Male,85.161.29.5
116,Germaine,Yeliashev,gyeliashev37@xrea.com,Polygender,18.223.66.124
117,Kingsley,McDougall,kmcdougall38@51.la,Male,227.13.230.64
118,Corri,Attwill,cattwill39@weather.com,Female,75.253.25.188
119,Abrahan,Runcie,aruncie3a@4shared.com,Male,35.159.11.196
120,Tiena,Hulstrom,thulstrom3b@gizmodo.com,Female,231.42.213.140
121,Booth,Davidovics,bdavidovics3c@clickbank.net,Male,234.238.57.233
122,Benita,Mallabund,bmallabund3d@furl.net,Female,35.20.170.186
123,Griffith,Heinicke,gheinicke3e@chron.com,Male,26.99.128.46
124,Brew,Marzelli,bmarzelli3f@slashdot.org,Male,40.100.129.45
125,Weider,Edmondson,wedmondson3g@discovery.com,Male,109.107.96.81
126,Vittorio,Bendik,vbendik3h@canalblog.com,Male,57.183.75.224
127,Claretta,Condell,ccondell3i@bbc.co.uk,Female,52.111.61.40
128,Eloisa,Sainteau,esainteau3j@nbcnews.com,Female,85.115.102.146
129,Aguie,Kayne,akayne3k@webeden.co.uk,Male,105.67.165.211
130,Clarissa,Calbaithe,ccalbaithe3l@fastcompany.com,Female,82.83.67.239
131,Thorvald,Barnhart,tbarnhart3m@epa.gov,Male,6.24.255.36
132,Goddart,Curwood,gcurwood3n@nyu.edu,Male,236.155.93.200
133,Salvatore,McKenzie,smckenzie3o@mit.edu,Male,207.164.164.218
134,Natty,Vollam,nvollam3p@google.co.jp,Male,35.134.93.77
135,Consolata,Spurret,cspurret3q@smh.com.au,Female,12.156.93.74
136,Libbey,Dignall,ldignall3r@wikia.com,Female,34.183.229.238
137,Maryl,Millin,mmillin3s@i2i.jp,Polygender,254.245.37.168
138,Cloris,Finlaison,cfinlaison3t@hhs.gov,Female,243.174.246.217
139,Ronny,Baroch,rbaroch3u@mozilla.org,Male,60.222.45.35
140,Lishe,Quiddington,lquiddington3v@geocities.com,Female,201.172.151.246
141,Olivie,Childers,ochilders3w@vkontakte.ru,Female,233.215.132.244
142,Kaitlin,Coorington,kcoorington3x@ucsd.edu,Female,117.85.11.97
143,Suzie,Kellegher,skellegher3y@parallels.com,Female,101.145.69.153
144,Cornelius,Felderer,cfelderer3z@cpanel.net,Male,235.147.173.17
145,Early,Bellward,ebellward40@newsvine.com,Male,58.61.86.84
146,Lindsay,Willison,lwillison41@1688.com,Male,237.194.5.19
147,Lorry,Delahunty,ldelahunty42@newyorker.com,Male,195.207.103.11
148,Eleanor,Schrader,eschrader43@eventbrite.com,Female,204.66.42.41
149,Sonya,Bestwick,sbestwick44@spiegel.de,Female,15.202.165.233
150,Margi,Sturzaker,msturzaker45@sphinn.com,Female,144.2.55.153
151,Sylvester,Alcoran,salcoran46@sun.com,Genderqueer,32.56.95.209
152,Bobbye,Kondratenya,bkondratenya47@china.com.cn,Female,0.142.135.57
153,Delia,Cringle,dcringle48@bizjournals.com,Female,217.139.99.243
154,Norean,Brosenius,nbrosenius49@hud.gov,Female,29.63.67.237
155,Madelyn,Lowing,mlowing4a@meetup.com,Agender,255.41.96.0
156,Alvera,Chesswas,achesswas4b@1688.com,Female,46.129.145.102
157,Cora,Chagg,cchagg4c@hexun.com,Female,132.147.208.18
158,Othelia,Bedow,obedow4d@ycombinator.com,Female,73.243.5.184
159,Ervin,Mandrier,emandrier4e@mozilla.org,Male,112.96.201.199
160,Marji,Howat,mhowat4f@google.co.jp,Female,172.68.131.207
161,Jaquenetta,Fildes,jfildes4g@blog.com,Female,49.232.36.223
162,Mathilde,Duckels,mduckels4h@jiathis.com,Female,35.250.242.49
163,Emmey,Brunning,ebrunning4i@sourceforge.net,Female,129.165.105.62
164,Mae,Feild,mfeild4j@mayoclinic.com,Agender,168.230.250.190
165,Kit,Marciskewski,kmarciskewski4k@wiley.com,Female,253.206.115.158
166,Jennette,Sieur,jsieur4l@paypal.com,Female,166.199.238.127
167,Andra,Roxburch,aroxburch4m@fc2.com,Female,163.98.228.196
168,Margret,Flea,mflea4n@cnbc.com,Female,134.219.54.180
169,Karoline,Circuitt,kcircuitt4o@chicagotribune.com,Female,249.74.26.103
170,Delila,Crang,dcrang4p@walmart.com,Female,6.158.88.229
171,Jessie,Rotge,jrotge4q@hexun.com,Male,54.100.255.196
172,Leroy,Carthew,lcarthew4r@reverbnation.com,Male,33.213.229.143
173,Elliott,Wisam,ewisam4s@netlog.com,Genderqueer,38.246.232.187
174,Chicky,Vondrak,cvondrak4t@dion.ne.jp,Female,141.141.2.193
175,Yvette,Pegg,ypegg4u@google.co.uk,Female,108.80.235.15
176,Toby,Mustarde,tmustarde4v@nih.gov,Male,217.179.184.2
177,Alberik,Arch,aarch4w@live.com,Male,170.79.72.60
178,Giorgia,Moorcraft,gmoorcraft4x@kickstarter.com,Female,42.16.227.3
179,Teddy,Madre,tmadre4y@ow.ly,Male,117.126.195.186
180,Elissa,Lowseley,elowseley4z@geocities.jp,Female,245.141.23.31
181,Chevy,Tidcombe,ctidcombe50@ow.ly,Male,249.239.255.107
182,Nester,Rochelle,nrochelle51@odnoklassniki.ru,Agender,74.229.128.212
183,Keenan,Simonou,ksimonou52@nature.com,Male,254.247.108.7
184,Jerri,Skough,jskough53@dedecms.com,Male,108.96.97.31
185,Oneida,Rummin,orummin54@jigsy.com,Female,166.125.144.172
186,Pryce,Hulks,phulks55@pagesperso-orange.fr,Polygender,241.81.148.116
187,Vivianna,Landre,vlandre56@goodreads.com,Female,128.66.153.106
188,Guntar,McAllen,gmcallen57@t.co,Male,26.57.64.35
189,Tiena,Spitell,tspitell58@qq.com,Female,46.100.180.165
190,Eyde,Coleson,ecoleson59@newsvine.com,Female,250.34.147.125
191,Ignacius,Voss,ivoss5a@ocn.ne.jp,Male,130.53.8.118
192,Natka,Bowlesworth,nbowlesworth5b@etsy.com,Female,34.97.85.127
193,Leonidas,Pigne,lpigne5c@npr.org,Male,179.134.118.141
194,Harlan,Andryszczak,handryszczak5d@gmpg.org,Male,25.248.240.196
195,Caitrin,Pinare,cpinare5e@joomla.org,Female,176.148.155.68
196,Kristofer,Silmon,ksilmon5f@sphinn.com,Male,54.15.19.14
197,Worden,Arrighi,warrighi5g@artisteer.com,Male,113.3.235.243
198,Bibi,Jensen,bjensen5h@blogger.com,Female,187.224.81.54
199,Hazel,Woofendell,hwoofendell5i@auda.org.au,Male,52.36.30.213
200,Smitty,Vaisey,svaisey5j@whitehouse.gov,Genderfluid,66.250.59.195
201,Claybourne,Derrell,cderrell5k@ning.com,Male,134.220.9.19
202,Emile,Grinstead,egrinstead5l@homestead.com,Male,101.137.148.94
203,Diena,Batteson,dbatteson5m@globo.com,Female,242.119.217.139
204,Michal,Copland,mcopland5n@networkadvertising.org,Female,132.49.25.100
205,Loy,Neil,lneil5o@gov.uk,Male,66.25.184.68
206,Meir,Mostyn,mmostyn5p@freewebs.com,Male,55.17.66.53
207,Sonja,Tabram,stabram5q@globo.com,Female,153.68.142.22
208,Hart,Gillease,hgillease5r@unesco.org,Male,105.125.87.198
209,Helge,Alessandrini,halessandrini5s@edublogs.org,Female,223.121.154.194
210,Tana,Bifield,tbifield5t@goodreads.com,Female,38.80.122.31
211,Ilene,Rennock,irennock5u@scientificamerican.com,Female,254.165.130.5
212,Sella,Henner,shenner5v@theglobeandmail.com,Agender,123.111.2.152
213,Moshe,Helks,mhelks5w@feedburner.com,Male,63.126.168.49
214,Katrina,Byrnes,kbyrnes5x@blogs.com,Female,227.25.245.74
215,Florentia,Valerius,fvalerius5y@hexun.com,Female,111.64.253.12
216,Rozele,Smedmoor,rsmedmoor5z@disqus.com,Female,229.182.187.87
217,Etan,Josovich,ejosovich60@fc2.com,Male,79.107.129.19
218,Leona,Cunde,lcunde61@storify.com,Female,187.32.246.92
219,Cassey,Scrannage,cscrannage62@craigslist.org,Female,144.243.192.34
220,Shawnee,Hebner,shebner63@addthis.com,Female,236.14.130.195
221,Farah,Bushaway,fbushaway64@domainmarket.com,Female,193.171.178.1
222,Jessa,Paye,jpaye65@ovh.net,Female,108.19.132.189
223,Manfred,Marco,mmarco66@clickbank.net,Male,157.40.5.233
224,Nero,Mendus,nmendus67@163.com,Male,214.38.8.123
225,Redford,Tow,rtow68@google.pl,Male,117.92.191.87
226,Luciano,Dibner,ldibner69@china.com.cn,Male,243.204.124.45
227,Inglis,Belchamp,ibelchamp6a@tuttocitta.it,Male,9.141.239.170
228,Isacco,Manna,imanna6b@fema.gov,Male,10.216.20.159
229,Rickie,Parlot,rparlot6c@webmd.com,Non-binary,165.192.31.151
230,Pooh,Rumsby,prumsby6d@unblog.fr,Female,170.19.90.28
231,Issie,Compson,icompson6e@smh.com.au,Female,84.127.63.186
232,Ursulina,Henryson,uhenryson6f@squidoo.com,Female,233.120.125.33
233,Borg,Hazelhurst,bhazelhurst6g@technorati.com,Male,62.43.101.121
234,Portia,MacCook,pmaccook6h@seesaa.net,Female,155.152.90.93
235,Marianne,Wint,mwint6i@elegantthemes.com,Female,3.212.252.92
236,Hedda,Tylor,htylor6j@reddit.com,Female,228.21.163.210
237,Dimitry,Kneale,dkneale6k@joomla.org,Male,191.22.211.11
238,Raff,Powder,rpowder6l@hao123.com,Male,161.248.53.34
239,Jock,Chopping,jchopping6m@bizjournals.com,Male,178.239.221.238
240,Stanislas,Mateja,smateja6n@netscape.com,Male,166.192.44.153
241,Chen,Barnaby,cbarnaby6o@paginegialle.it,Male,42.166.153.73
242,Ida,Jayume,ijayume6p@imgur.com,Female,226.209.123.38
243,Jorey,Eager,jeager6q@dropbox.com,Polygender,229.68.97.227
244,Constantin,Braznell,cbraznell6r@earthlink.net,Male,19.206.111.197
245,Madel,Cruttenden,mcruttenden6s@bluehost.com,Female,83.35.198.173
246,Linnie,Barens,lbarens6t@upenn.edu,Female,88.160.106.159
247,Lanette,O'Growgane,logrowgane6u@wordpress.com,Female,126.152.57.25
248,Ariel,Chrippes,achrippes6v@opera.com,Male,146.78.138.55
249,Dominga,Pycock,dpycock6w@i2i.jp,Female,112.228.176.118
250,Shaughn,Prate,sprate6x@oakley.com,Male,77.164.115.157
251,Pearle,Spada,pspada6y@sun.com,Genderqueer,44.226.208.1
252,Anselma,Aleksandrev,aaleksandrev6z@toplist.cz,Female,69.191.54.33
253,Alis,Blanket,ablanket70@sakura.ne.jp,Female,51.130.77.101
254,Starlene,Corrie,scorrie71@cpanel.net,Female,22.33.135.98
255,Felice,Heber,fheber72@nhs.uk,Male,211.82.207.13
256,Rollins,Popple,rpopple73@washington.edu,Genderfluid,12.165.0.254
257,Kaye,Southard,ksouthard74@apple.com,Female,50.9.216.49
258,Prinz,Lappin,plappin75@shutterfly.com,Male,252.253.131.186
259,Virgilio,Dunnico,vdunnico76@hp.com,Genderfluid,39.4.223.108
260,Maggee,Laimable,mlaimable77@google.cn,Female,134.38.111.82
261,Jeth,Hartshorne,jhartshorne78@bravesites.com,Male,72.30.172.49
262,Donetta,Bampforth,dbampforth79@google.co.jp,Female,118.64.214.219
263,Vachel,Ashwin,vashwin7a@spiegel.de,Male,190.35.226.192
264,Claudell,Rubinowitch,crubinowitch7b@webeden.co.uk,Male,20.31.198.54
265,Hillel,Wooff,hwooff7c@i2i.jp,Male,162.117.226.168
266,Bellina,McNeilley,bmcneilley7d@yellowbook.com,Female,160.86.252.99
267,Cindee,McKibben,cmckibben7e@aol.com,Female,10.175.183.174
268,Rockey,Caret,rcaret7f@instagram.com,Male,252.2.248.170
269,Joellen,Robilliard,jrobilliard7g@so-net.ne.jp,Female,84.112.131.157
270,Konstance,Lezemore,klezemore7h@mail.ru,Female,187.22.2.231
271,Laverna,Garret,lgarret7i@ameblo.jp,Female,24.29.207.17
272,Maris,Starbeck,mstarbeck7j@ebay.com,Female,102.198.34.207
273,Sherye,Kelsow,skelsow7k@vimeo.com,Female,121.87.234.253
274,Nara,Leonard,nleonard7l@last.fm,Female,196.181.8.30
275,Nellie,Ellwood,nellwood7m@ocn.ne.jp,Female,112.208.130.131
276,Faina,Eyer,feyer7n@blogspot.com,Female,228.94.16.69
277,Kinnie,Roddick,kroddick7o@ovh.net,Male,160.208.150.245
278,Conny,MacGhee,cmacghee7p@mlb.com,Male,195.209.171.118
279,Quinta,Corley,qcorley7q@rediff.com,Female,30.99.250.29
280,Artemas,Kopfen,akopfen7r@histats.com,Male,157.4.61.190
281,Faith,Lorentz,florentz7s@over-blog.com,Female,141.175.187.24
282,Britni,Gavin,bgavin7t@businessweek.com,Female,211.203.80.124
283,Hyacinthe,Beards,hbeards7u@cam.ac.uk,Female,143.159.14.66
284,Xenos,Rosten,xrosten7v@51.la,Male,28.114.185.99
285,Shannan,Tremberth,stremberth7w@dropbox.com,Male,139.127.98.173
286,Pearl,Nagle,pnagle7x@mac.com,Female,82.217.178.169
287,Pren,Everson,peverson7y@ycombinator.com,Male,242.255.131.97
288,Nickie,Eberdt,neberdt7z@globo.com,Female,51.192.0.181
289,Queenie,Philcock,qphilcock80@jimdo.com,Female,119.67.25.153
290,Had,Gritsaev,hgritsaev81@sourceforge.net,Male,89.49.122.219
291,Herculie,Giorgielli,hgiorgielli82@timesonline.co.uk,Male,48.156.104.65
292,Urbain,Bordes,ubordes83@fc2.com,Male,87.10.167.5
293,Ania,Gregorowicz,agregorowicz84@state.gov,Female,225.242.196.247
294,Lester,Edgecombe,ledgecombe85@army.mil,Male,187.132.178.233
295,Ethyl,Elles,eelles86@google.com.au,Female,243.17.171.77
296,Brigid,Wrassell,bwrassell87@networksolutions.com,Female,160.209.163.221
297,Dolph,Fawltey,dfawltey88@sciencedirect.com,Male,56.97.0.54
298,Marlyn,Blasetti,mblasetti89@ft.com,Female,202.195.181.25
299,Pier,Mc Gorley,pmcgorley8a@jiathis.com,Female,174.192.75.207
300,Arron,Caherny,acaherny8b@4shared.com,Male,58.174.98.120
301,Pearle,Carsey,pcarsey8c@bloomberg.com,Female,43.82.84.95
302,Nikolaus,Zelake,nzelake8d@icio.us,Polygender,122.202.231.13
303,Phip,Sousa,psousa8e@amazonaws.com,Male,40.1.218.183
304,Raimundo,Walklett,rwalklett8f@tiny.cc,Genderfluid,194.98.6.191
305,Margarette,Thow,mthow8g@domainmarket.com,Female,26.172.157.96
306,Penny,Purdey,ppurdey8h@ftc.gov,Female,123.135.40.77
307,Beryl,Bispo,bbispo8i@un.org,Female,117.142.185.6
308,Ingram,Josselsohn,ijosselsohn8j@telegraph.co.uk,Male,11.113.175.85
309,Elbert,Kinloch,ekinloch8k@ask.com,Male,168.5.158.30
310,Izzy,Yanuk,iyanuk8l@dailymail.co.uk,Male,118.180.36.25
311,Jaime,Geratt,jgeratt8m@dmoz.org,Male,199.48.40.29
312,Luca,Grzelak,lgrzelak8n@hc360.com,Male,2.228.97.253
313,Gusta,Keavy,gkeavy8o@flickr.com,Non-binary,61.50.162.196
314,Forest,Fyldes,ffyldes8p@123-reg.co.uk,Male,137.118.237.76
315,Consuelo,Lowery,clowery8q@vinaora.com,Female,115.116.49.187
316,Paula,Arnatt,parnatt8r@bbc.co.uk,Female,167.200.98.176
317,Kellen,Rohloff,krohloff8s@storify.com,Female,158.37.243.58
318,Lorrayne,Lilbourne,llilbourne8t@123-reg.co.uk,Female,23.7.93.48
319,Raviv,Cesco,rcesco8u@bloglovin.com,Male,191.241.66.114
320,Russ,Malyj,rmalyj8v@economist.com,Male,63.131.115.157
321,Ainsley,Helliwell,ahelliwell8w@oracle.com,Female,115.209.108.19
322,Ashby,OIlier,aoilier8x@yale.edu,Male,142.90.204.106
323,Dulcy,Pinch,dpinch8y@example.com,Female,89.211.12.161
324,Beitris,Donwell,bdonwell8z@senate.gov,Genderfluid,11.33.221.0
325,Corney,Baradel,cbaradel90@va.gov,Male,85.3.83.143
326,Jethro,Copcutt,jcopcutt91@bloglovin.com,Non-binary,180.76.67.230
327,Evy,Hodgets,ehodgets92@bing.com,Female,135.178.152.101
328,Jenn,Jakubovski,jjakubovski93@vkontakte.ru,Female,139.150.22.125
329,Fredek,Lamperd,flamperd94@themeforest.net,Male,116.78.215.242
330,Alvy,Shillinglaw,ashillinglaw95@networkadvertising.org,Male,8.73.29.166
331,Banky,Strathearn,bstrathearn96@google.com.au,Male,190.34.174.239
332,Schuyler,Lafond,slafond97@mediafire.com,Male,164.7.19.8
333,Henrieta,Vasilik,hvasilik98@utexas.edu,Genderfluid,61.41.39.161
334,Layne,Uttridge,luttridge99@barnesandnoble.com,Female,224.17.8.0
335,Kendal,Strathe,kstrathe9a@springer.com,Male,163.35.113.44
336,Cati,Abrahm,cabrahm9b@yahoo.com,Female,249.198.253.10
337,Justino,Ferrari,jferrari9c@smh.com.au,Male,216.67.250.172
338,Hewitt,MacAiline,hmacailine9d@seesaa.net,Male,31.42.107.194
339,Barbabas,Kobu,bkobu9e@java.com,Male,219.44.162.193
340,Marcelo,Tunnah,mtunnah9f@paginegialle.it,Male,167.200.157.45
341,Therine,Medforth,tmedforth9g@businessweek.com,Female,116.112.225.232
342,Far,Rummin,frummin9h@google.co.uk,Male,109.16.108.182
343,Morganne,Dearlove,mdearlove9i@theguardian.com,Female,116.7.117.184
344,Danie,Nelane,dnelane9j@ox.ac.uk,Male,77.200.109.189
345,Kacy,Waplington,kwaplington9k@mozilla.com,Female,57.44.75.87
346,Bee,Tomovic,btomovic9l@bizjournals.com,Female,213.151.187.175
347,Daniele,Tattershall,dtattershall9m@archive.org,Female,31.90.33.171
348,Glenine,Lochran,glochran9n@auda.org.au,Female,172.152.199.253
349,Terrence,Paik,tpaik9o@yahoo.com,Male,145.75.120.143
350,Cher,Fasham,cfasham9p@t-online.de,Polygender,17.147.71.202
351,Jayson,Darell,jdarell9q@npr.org,Male,254.59.124.44
352,Norbert,Danilevich,ndanilevich9r@clickbank.net,Male,84.121.165.182
353,Almire,Seacroft,aseacroft9s@last.fm,Female,91.112.235.9
354,Saul,Drinkall,sdrinkall9t@oakley.com,Male,162.123.5.28
355,Wilmette,Dornin,wdornin9u@w3.org,Polygender,190.35.85.131
356,Linette,Morhall,lmorhall9v@oracle.com,Female,171.254.3.221
357,Karalee,Bacher,kbacher9w@cisco.com,Female,199.140.63.9
358,Mary,De Bruyne,mdebruyne9x@umich.edu,Female,249.131.62.207
359,Cyndia,Beggan,cbeggan9y@mlb.com,Female,88.113.135.45
360,Kassia,Thornber,kthornber9z@ebay.co.uk,Female,223.190.252.33
361,Kean,Wilsee,kwilseea0@w3.org,Non-binary,252.205.45.134
362,Jose,Moxom,jmoxoma1@theglobeandmail.com,Male,111.29.47.37
363,Tobe,Hulmes,thulmesa2@altervista.org,Female,55.101.120.240
364,Gaven,Whitlaw,gwhitlawa3@naver.com,Male,15.224.113.176
365,Bekki,Klimschak,bklimschaka4@buzzfeed.com,Female,73.192.217.30
366,Alaric,McCumesky,amccumeskya5@omniture.com,Male,192.137.0.46
367,Ludovico,Mackieson,lmackiesona6@comsenz.com,Male,173.4.185.219
368,Nestor,Kinworthy,nkinworthya7@usgs.gov,Male,231.156.46.49
369,Binny,Heffy,bheffya8@webs.com,Female,59.120.138.227
370,Erny,Stoke,estokea9@si.edu,Non-binary,156.155.88.200
371,Cathie,Woodsford,cwoodsfordaa@kickstarter.com,Female,101.197.183.175
372,Katy,Boughtflower,kboughtflowerab@cyberchimps.com,Polygender,25.164.230.49
373,Leola,Proschke,lproschkeac@privacy.gov.au,Female,211.177.112.240
374,Marti,Curryer,mcurryerad@cnn.com,Female,129.182.99.166
375,Morna,Cadlock,mcadlockae@cdc.gov,Female,233.66.40.5
376,Euell,Pitherick,epitherickaf@ted.com,Male,217.238.115.166
377,Edithe,Horley,ehorleyag@blogtalkradio.com,Female,194.13.194.42
378,Regen,Paeckmeyer,rpaeckmeyerah@github.io,Male,243.226.96.245
379,Fabio,Domerq,fdomerqai@alexa.com,Genderfluid,21.93.127.64
380,Clarissa,Howsin,chowsinaj@storify.com,Female,196.195.250.136
381,Mozes,Jaggar,mjaggarak@europa.eu,Male,6.210.122.137
382,Raimund,Bonifacio,rbonifacioal@jiathis.com,Male,96.108.225.82
383,Cordell,Alfwy,calfwyam@apache.org,Male,250.101.23.242
384,Colleen,Abrahart,cabrahartan@arizona.edu,Female,230.37.186.141
385,Fidole,McManamon,fmcmanamonao@about.me,Male,163.215.19.112
386,Bernardine,Retchford,bretchfordap@netscape.com,Female,193.33.99.42
387,Gareth,Ravillas,gravillasaq@sciencedaily.com,Male,90.112.85.207
388,Phil,Nunn,pnunnar@twitpic.com,Female,109.147.29.59
389,Mercy,Shillom,mshillomas@joomla.org,Female,36.35.196.193
390,Dennie,Feaks,dfeaksat@t.co,Female,168.227.95.161
391,Baryram,Baldree,bbaldreeau@washingtonpost.com,Male,6.168.30.249
392,Juliann,Klambt,jklambtav@sohu.com,Female,254.61.101.206
393,Hubie,Sowte,hsowteaw@whitehouse.gov,Male,151.30.129.117
394,Keane,Teissier,kteissierax@nps.gov,Male,11.162.162.247
395,Elsbeth,Lehrmann,elehrmannay@ehow.com,Female,243.232.94.80
396,Karel,Fromont,kfromontaz@state.tx.us,Male,57.36.116.95
397,Reese,Luis,rluisb0@lulu.com,Male,80.200.32.116
398,Alasdair,Gresly,agreslyb1@mozilla.org,Male,94.166.117.142
399,Granville,Dowyer,gdowyerb2@tuttocitta.it,Male,129.150.15.0
400,Antonia,Dawnay,adawnayb3@bigcartel.com,Female,74.50.67.115
401,Mahala,Stevani,mstevanib4@reuters.com,Female,112.250.168.197
402,Emilee,Mansuer,emansuerb5@topsy.com,Female,145.109.87.114
403,Sallyanne,Hasley,shasleyb6@goo.ne.jp,Female,154.54.214.11
404,Dominic,Sommersett,dsommersettb7@yolasite.com,Male,168.193.122.118
405,Ethelind,O'Criane,eocrianeb8@4shared.com,Female,97.43.254.2
406,Neall,Ambrosio,nambrosiob9@icio.us,Male,239.133.225.36
407,Osborn,Lippitt,olippittba@nifty.com,Male,92.186.102.172
408,Baillie,Manion,bmanionbb@de.vu,Male,18.252.86.89
409,Rosanne,Heather,rheatherbc@cbc.ca,Female,66.190.54.198
410,Herrick,Crinage,hcrinagebd@jalbum.net,Male,82.78.147.58
411,Gabriel,Pitford,gpitfordbe@princeton.edu,Male,33.47.62.170
412,Travers,Larkby,tlarkbybf@usnews.com,Male,17.34.50.120
413,Gail,O'Mannion,gomannionbg@example.com,Male,197.84.204.210
414,Donella,Simao,dsimaobh@opensource.org,Female,160.43.49.14
415,Mathilda,Greber,mgreberbi@yelp.com,Female,218.61.222.238
416,Launce,McGookin,lmcgookinbj@howstuffworks.com,Male,28.0.151.80
417,Moselle,De Mattei,mdematteibk@360.cn,Female,84.182.150.98
418,Jacques,Vorley,jvorleybl@dedecms.com,Male,52.197.224.134
419,Gerek,Jaggar,gjaggarbm@posterous.com,Genderqueer,30.190.255.202
420,Alia,Sterland,asterlandbn@npr.org,Female,68.177.82.210
421,Bard,Platts,bplattsbo@plala.or.jp,Male,117.37.75.219
422,Pebrook,Sweeting,psweetingbp@google.com.hk,Male,221.164.164.148
423,Nevins,Zumbusch,nzumbuschbq@stumbleupon.com,Male,135.70.139.35
424,Wilhelm,Juares,wjuaresbr@msn.com,Male,105.63.209.88
425,Gordie,Humphris,ghumphrisbs@nbcnews.com,Genderfluid,236.150.52.210
426,Janis,Bothen,jbothenbt@google.es,Polygender,145.175.120.189
427,Bobbe,Dennitts,bdennittsbu@sakura.ne.jp,Female,7.178.149.231
428,Orin,Garling,ogarlingbv@reverbnation.com,Male,194.95.238.82
429,Alasteir,Heffy,aheffybw@taobao.com,Male,192.100.240.90
430,Adan,Moriarty,amoriartybx@zdnet.com,Female,105.232.70.200
431,Seline,Greenhowe,sgreenhoweby@weather.com,Female,191.190.111.34
432,Manda,Jentet,mjentetbz@g.co,Female,4.201.77.62
433,Salvador,Sibun,ssibunc0@google.pl,Male,147.76.93.216
434,Jilleen,Senten,jsentenc1@deviantart.com,Female,145.99.149.42
435,Gasparo,Fessier,gfessierc2@hao123.com,Male,132.212.231.212
436,Cob,Mason,cmasonc3@squarespace.com,Male,208.173.231.69
437,Dolley,Normanvill,dnormanvillc4@prnewswire.com,Female,113.135.49.242
438,Blanca,Janc,bjancc5@moonfruit.com,Genderfluid,99.244.201.3
439,Winnah,Schoales,wschoalesc6@chicagotribune.com,Female,73.37.113.245
440,Marley,Hulks,mhulksc7@prnewswire.com,Female,128.170.254.178
441,Marven,Chislett,mchislettc8@berkeley.edu,Male,56.76.49.70
442,Cynthie,McIntosh,cmcintoshc9@addtoany.com,Female,41.105.178.66
443,Benedicta,Ollerton,bollertonca@google.cn,Female,102.174.98.19
444,Angelika,Branston,abranstoncb@toplist.cz,Female,132.170.181.255
445,Yanaton,Hillen,yhillencc@geocities.jp,Male,4.126.168.96
446,Reinold,Sumshon,rsumshoncd@google.fr,Male,2.196.150.70
447,Blythe,Lambden,blambdence@creativecommons.org,Female,157.116.215.157
448,Perry,Kuller,pkullercf@apache.org,Female,122.119.175.123
449,Tome,Wrate,twratecg@guardian.co.uk,Male,236.165.253.173
450,Hillary,Troop,htroopch@omniture.com,Male,163.96.202.43
451,Tommy,Calltone,tcalltoneci@earthlink.net,Male,154.146.72.159
452,Yancey,Brearty,ybreartycj@mail.ru,Genderqueer,221.234.31.74
453,Paulina,Crole,pcroleck@nydailynews.com,Female,16.210.45.219
454,Garvin,Gilfillan,ggilfillancl@bloomberg.com,Male,191.241.192.159
455,Maude,Hingeley,mhingeleycm@technorati.com,Female,195.170.16.53
456,Ashley,Vaar,avaarcn@usnews.com,Female,189.111.137.86
457,Rowland,Damiata,rdamiataco@drupal.org,Male,120.3.206.89
458,Chan,Webburn,cwebburncp@addthis.com,Male,129.213.231.188
459,Bambie,Richten,brichtencq@accuweather.com,Female,107.59.123.50
460,Berni,Cordero,bcorderocr@nih.gov,Female,93.162.75.163
461,Deeanne,Raden,dradencs@epa.gov,Polygender,241.236.229.115
462,Waneta,Pirolini,wpirolinict@surveymonkey.com,Female,42.181.108.136
463,Roth,Semon,rsemoncu@constantcontact.com,Male,177.61.59.11
464,Reggi,Kirsop,rkirsopcv@sphinn.com,Female,9.31.243.194
465,Adams,Bingham,abinghamcw@unc.edu,Male,153.159.75.188
466,Nilson,Kleynermans,nkleynermanscx@simplemachines.org,Male,96.36.159.53
467,Sarina,Bownass,sbownasscy@instagram.com,Female,251.253.100.110
468,Pansy,Tretwell,ptretwellcz@booking.com,Female,7.144.127.26
469,Paulina,Bircher,pbircherd0@answers.com,Female,3.161.130.105
470,Mikey,Shawyer,mshawyerd1@wix.com,Male,107.106.143.194
471,Buddy,Fiddler,bfiddlerd2@unicef.org,Male,73.238.189.98
472,Muriel,Maseres,mmaseresd3@clickbank.net,Female,112.6.113.91
473,Andreana,Teale,atealed4@hhs.gov,Female,65.249.219.33
474,Vito,Stripling,vstriplingd5@artisteer.com,Male,211.119.255.46
475,Sayer,Lappine,slappined6@nba.com,Male,87.100.242.219
476,Halsy,Coward,hcowardd7@kickstarter.com,Male,17.105.97.208
477,Quintina,Rubes,qrubesd8@booking.com,Female,130.165.245.184
478,Rivkah,Rolston,rrolstond9@adobe.com,Bigender,76.217.103.11
479,Jodie,Pabel,jpabelda@yahoo.com,Female,148.10.113.120
480,Winfield,Godley,wgodleydb@about.me,Male,31.163.160.68
481,Jeno,Mithan,jmithandc@opensource.org,Male,15.226.117.54
482,Sherry,Probet,sprobetdd@domainmarket.com,Female,1.182.198.4
483,Bartholomew,Castagneri,bcastagneride@istockphoto.com,Polygender,241.254.63.15
484,Ophelie,Voyce,ovoycedf@wix.com,Female,104.225.250.226
485,Terza,Stimson,tstimsondg@chronoengine.com,Female,93.238.121.68
486,Mayor,Norway,mnorwaydh@hibu.com,Agender,152.110.56.202
487,Nicky,Kardos-Stowe,nkardosstowedi@globo.com,Female,232.118.144.185
488,Bo,Tansey,btanseydj@ucoz.com,Male,41.18.209.76
489,Deborah,Beadell,dbeadelldk@google.com.hk,Female,212.157.99.118
490,Norrie,Burleton,nburletondl@usa.gov,Male,54.23.9.70
491,Cullie,Novill,cnovilldm@google.co.jp,Male,125.84.129.128
492,Charley,Vedishchev,cvedishchevdn@nba.com,Male,104.233.100.42
493,Welbie,Manes,wmanesdo@microsoft.com,Male,217.129.155.127
494,Hewet,Brooke,hbrookedp@seattletimes.com,Genderqueer,106.129.18.224
495,Torry,Fishley,tfishleydq@cnbc.com,Male,133.14.111.74
496,Sunny,Sedgmond,ssedgmonddr@mozilla.org,Female,147.20.85.130
497,Shayne,Spini,sspinids@globo.com,Male,68.50.8.98
498,Gabriele,Bartoli,gbartolidt@reverbnation.com,Male,41.3.35.100
499,Harald,Kunkel,hkunkeldu@feedburner.com,Male,126.142.53.82
500,Anna-maria,Wones,awonesdv@java.com,Female,58.26.51.128
501,Teodoro,Caulliere,tcaullieredw@epa.gov,Male,66.196.30.2
502,Gael,Ponnsett,gponnsettdx@hp.com,Female,68.177.58.216
503,Grace,Lurcock,glurcockdy@biglobe.ne.jp,Female,25.51.17.7
504,Avram,Hungerford,ahungerforddz@un.org,Male,129.152.91.226
505,Catha,Fazackerley,cfazackerleye0@bing.com,Female,37.71.193.163
506,Verne,Brideau,vbrideaue1@princeton.edu,Male,10.115.131.248
507,Petronille,McGuckin,pmcguckine2@artisteer.com,Female,137.11.205.33
508,Correy,Iacabucci,ciacabuccie3@hao123.com,Female,156.72.100.47
509,Kathie,Grandisson,kgrandissone4@yahoo.com,Polygender,142.244.218.196
510,Cybil,Lillecrop,clillecrope5@pcworld.com,Female,243.66.158.5
511,Bar,Philps,bphilpse6@statcounter.com,Male,229.46.73.98
512,Venita,Reitenbach,vreitenbache7@hhs.gov,Female,219.122.146.119
513,Micah,Hatchard,mhatcharde8@newsvine.com,Male,221.136.236.9
514,Duke,Sanpher,dsanphere9@vinaora.com,Polygender,117.74.195.253
515,Frankie,Willarton,fwillartonea@addthis.com,Female,219.24.73.123
516,Alberta,Chipperfield,achipperfieldeb@elegantthemes.com,Female,29.153.206.95
517,Kimmie,Riteley,kriteleyec@google.de,Female,73.157.69.169
518,Bride,Begwell,bbegwelled@google.com.au,Female,120.193.248.28
519,Cate,Betteridge,cbetteridgeee@istockphoto.com,Female,14.22.226.88
520,Adamo,Inold,ainoldef@psu.edu,Male,211.253.190.192
521,Tannie,Maltman,tmaltmaneg@ihg.com,Male,49.5.19.63
522,Wendy,Turmall,wturmalleh@dailymail.co.uk,Female,239.45.68.111
523,Mart,Pedersen,mpedersenei@simplemachines.org,Male,200.91.240.166
524,Grantley,Maides,gmaidesej@abc.net.au,Male,248.43.53.240
525,Fritz,Leek,fleekek@4shared.com,Male,199.229.66.110
526,Birgitta,Duval,bduvalel@xing.com,Female,157.226.193.226
527,Cornelia,Booy,cbooyem@aol.com,Female,42.221.107.147
528,Ebeneser,McLay,emclayen@ted.com,Male,156.226.97.124
529,Steward,Desseine,sdesseineeo@unc.edu,Genderfluid,190.81.115.117
530,Shanta,Antonoyev,santonoyevep@quantcast.com,Female,83.60.39.91
531,Martelle,Shyres,mshyreseq@cbc.ca,Female,33.158.73.116
532,Allyn,Rhodef,arhodefer@accuweather.com,Male,242.126.84.32
533,Jareb,Gresham,jgreshames@moonfruit.com,Male,82.42.74.84
534,Benetta,Canacott,bcanacottet@mozilla.com,Female,156.182.214.13
535,Nicolea,Garmey,ngarmeyeu@jimdo.com,Female,125.112.193.49
536,Vicky,Barnish,vbarnishev@shop-pro.jp,Female,66.229.163.176
537,Rosa,Wensley,rwensleyew@icq.com,Female,176.79.214.20
538,Duky,Hibbart,dhibbartex@ca.gov,Non-binary,171.95.14.79
539,Heather,Picott,hpicottey@fc2.com,Female,212.91.51.25
540,Lia,Goldspink,lgoldspinkez@ox.ac.uk,Female,91.158.203.122
541,Heather,Andreini,handreinif0@zimbio.com,Female,240.74.49.51
542,Kinnie,Oldcroft,koldcroftf1@virginia.edu,Male,52.56.58.198
543,Meghan,Filchagin,mfilchaginf2@360.cn,Female,81.105.164.246
544,Nonah,Ovens,novensf3@engadget.com,Female,104.212.150.165
545,Kaile,Slavin,kslavinf4@home.pl,Polygender,39.62.189.145
546,Tait,MacDowall,tmacdowallf5@google.de,Male,154.25.3.206
547,Russ,Dickerline,rdickerlinef6@wordpress.com,Male,141.15.81.103
548,Mahmud,Banishevitz,mbanishevitzf7@nydailynews.com,Male,244.4.26.66
549,Garrett,Bartoli,gbartolif8@barnesandnoble.com,Male,231.171.227.40
550,Georgia,Malan,gmalanf9@japanpost.jp,Bigender,70.243.83.152
551,Phip,Giffen,pgiffenfa@eventbrite.com,Male,19.214.151.255
552,Row,Lilly,rlillyfb@wordpress.com,Female,51.216.217.246
553,Maurene,Inde,mindefc@craigslist.org,Female,229.163.61.78
554,Arlene,Ellson,aellsonfd@godaddy.com,Female,37.246.73.68
555,Cassius,Kelwick,ckelwickfe@reference.com,Male,15.101.3.94
556,Gawen,Durrant,gdurrantff@spiegel.de,Male,36.209.221.151
557,Rupert,Thurlby,rthurlbyfg@sfgate.com,Male,135.237.218.186
558,Murdoch,Wyldes,mwyldesfh@elegantthemes.com,Male,5.114.215.174
559,Bayard,Wadman,bwadmanfi@phpbb.com,Male,252.147.245.79
560,Diego,Mullenger,dmullengerfj@xrea.com,Agender,30.21.253.212
561,Janeczka,Berridge,jberridgefk@google.pl,Female,111.118.175.39
562,Izzy,Evemy,ievemyfl@linkedin.com,Male,166.51.68.12
563,Nicko,Ainslee,nainsleefm@intel.com,Male,77.115.78.154
564,Ade,Matzke,amatzkefn@amazon.com,Male,204.166.200.238
565,Bobbette,Fredson,bfredsonfo@newyorker.com,Female,94.60.11.248
566,Morena,Brunning,mbrunningfp@skyrock.com,Female,188.194.26.127
567,Quentin,Laughton,qlaughtonfq@telegraph.co.uk,Female,229.88.144.55
568,Kaja,Pleven,kplevenfr@bluehost.com,Female,242.63.255.123
569,Glenna,Blais,gblaisfs@miitbeian.gov.cn,Female,19.60.124.65
570,Saundra,Mullender,smullenderft@businessweek.com,Female,150.134.201.162
571,Caryl,Toothill,ctoothillfu@opensource.org,Female,45.250.75.249
572,Martina,Gradly,mgradlyfv@drupal.org,Female,237.97.125.95
573,Lief,Budnik,lbudnikfw@bbb.org,Male,10.204.206.82
574,Tobe,Culy,tculyfx@rambler.ru,Male,11.23.215.219
575,Patti,Yurinov,pyurinovfy@rediff.com,Female,58.216.5.50
576,Audry,Stocking,astockingfz@typepad.com,Female,141.14.147.212
577,Corey,Cater,ccaterg0@sciencedirect.com,Female,21.141.251.160
578,Rachael,Wind,rwindg1@github.io,Female,124.170.128.27
579,Candra,Brent,cbrentg2@ovh.net,Female,249.128.235.249
580,Nelli,Jillitt,njillittg3@cargocollective.com,Female,92.139.209.75
581,Jesselyn,Wynes,jwynesg4@people.com.cn,Female,159.134.5.150
582,Neddie,Jaques,njaquesg5@phoca.cz,Male,211.227.73.150
583,Gail,Arnaudet,garnaudetg6@rakuten.co.jp,Male,194.173.146.220
584,Raina,Gillespie,rgillespieg7@cargocollective.com,Agender,189.79.58.75
585,Kathe,Roon,kroong8@fema.gov,Female,228.50.190.85
586,Tait,Sidry,tsidryg9@clickbank.net,Male,210.105.136.71
587,Ashla,Emson,aemsonga@patch.com,Female,189.108.120.95
588,Jamison,Hobbing,jhobbinggb@sciencedaily.com,Male,192.138.93.126
589,Ida,Keelin,ikeelingc@dropbox.com,Female,195.228.62.17
590,Mayor,Beaudry,mbeaudrygd@twitter.com,Male,50.83.234.226
591,Lilly,Celle,lcellege@jalbum.net,Female,99.171.145.109
592,Garnet,Hamilton,ghamiltongf@plala.or.jp,Female,194.95.200.179
593,Hedwig,Linch,hlinchgg@people.com.cn,Female,39.193.173.71
594,Elana,Reymers,ereymersgh@odnoklassniki.ru,Female,150.28.124.84
595,Dylan,Keenleyside,dkeenleysidegi@google.ru,Male,195.94.125.7
596,Frants,Paul,fpaulgj@mozilla.com,Male,169.180.0.36
597,Osbert,Sivill,osivillgk@ezinearticles.com,Male,122.5.200.40
598,Mechelle,Leavry,mleavrygl@indiegogo.com,Genderfluid,126.176.106.144
599,Sophia,Congram,scongramgm@w3.org,Female,35.13.218.5
600,Dorice,Whodcoat,dwhodcoatgn@patch.com,Female,31.124.112.25
601,Nerta,Raggatt,nraggattgo@miibeian.gov.cn,Female,237.63.106.69
602,Griff,Maryet,gmaryetgp@aboutads.info,Male,105.35.88.124
603,Jervis,Placidi,jplacidigq@sohu.com,Male,20.210.135.224
604,Gabriella,Lydden,glyddengr@irs.gov,Female,196.227.81.58
605,Skipton,Dumini,sduminigs@ucla.edu,Male,135.223.255.63
606,Sephira,More,smoregt@census.gov,Female,216.191.96.217
607,Anabella,Kenninghan,akenninghangu@dropbox.com,Female,202.219.20.75
608,Giulio,Carnock,gcarnockgv@newsvine.com,Male,187.160.83.205
609,Jeniffer,Batcheldor,jbatcheldorgw@ameblo.jp,Female,226.197.148.199
610,Kaia,Greenman,kgreenmangx@wikipedia.org,Bigender,241.63.229.183
611,Franny,Lambdin,flambdingy@jigsy.com,Polygender,9.157.68.57
612,Arturo,Pandie,apandiegz@ucoz.com,Male,123.247.186.173
613,Yoshi,Wyld,ywyldh0@issuu.com,Female,66.81.154.255
614,Stanislaus,Hylden,shyldenh1@purevolume.com,Male,171.140.217.181
615,Elwyn,Carney,ecarneyh2@sphinn.com,Male,215.163.125.66
616,Gwynne,McMyler,gmcmylerh3@edublogs.org,Female,165.121.13.70
617,Ivar,Merill,imerillh4@nydailynews.com,Male,229.26.95.26
618,Cloe,Openshaw,copenshawh5@wordpress.org,Female,45.68.181.17
619,Lawrence,Gransden,lgransdenh6@about.com,Male,117.165.240.54
620,Nappie,Pharrow,npharrowh7@4shared.com,Male,153.184.151.39
621,Anatole,Bilbery,abilberyh8@whitehouse.gov,Male,165.117.102.87
622,Judi,Egle,jegleh9@sfgate.com,Female,235.47.238.68
623,Lissa,Pembridge,lpembridgeha@hao123.com,Female,232.71.48.129
624,Kissiah,Reinmar,kreinmarhb@vk.com,Female,147.250.250.126
625,Umberto,Jacquemy,ujacquemyhc@tumblr.com,Bigender,45.253.227.20
626,Gizela,Espadate,gespadatehd@wsj.com,Female,149.7.166.47
627,Morry,Ashenhurst,mashenhursthe@nba.com,Male,188.96.132.238
628,Cal,Gillino,cgillinohf@gravatar.com,Male,13.165.163.74
629,Alayne,Schulz,aschulzhg@fc2.com,Female,107.59.32.223
630,Ethe,Di Matteo,edimatteohh@indiatimes.com,Male,35.227.136.199
631,Worden,MacCracken,wmaccrackenhi@51.la,Male,254.196.203.23
632,Carrie,Bompass,cbompasshj@xing.com,Female,50.144.250.22
633,Nathalia,Chatwood,nchatwoodhk@weebly.com,Female,218.168.15.69
634,Husein,Le - Count,hlecounthl@cyberchimps.com,Male,178.251.241.224
635,Jandy,Van Leeuwen,jvanleeuwenhm@bigcartel.com,Female,239.55.132.3
636,Tracy,Gwyn,tgwynhn@tripadvisor.com,Female,82.86.242.194
637,Ceciley,McClenaghan,cmcclenaghanho@illinois.edu,Female,157.206.48.91
638,Roma,Quig,rquighp@bloglines.com,Male,140.16.209.105
639,Trudi,Broomfield,tbroomfieldhq@utexas.edu,Non-binary,5.61.146.190
640,Carita,Pitchers,cpitchershr@ezinearticles.com,Female,65.32.127.44
641,Mil,O' Donohoe,modonohoehs@uiuc.edu,Female,249.19.185.40
642,Georgeanna,Cartmail,gcartmailht@upenn.edu,Female,149.218.29.242
643,Aaron,West,awesthu@macromedia.com,Male,121.131.152.92
644,Art,Devin,adevinhv@apache.org,Non-binary,67.249.184.193
645,Liv,Sherrett,lsherretthw@unicef.org,Female,209.116.51.130
646,Guinna,Linkleter,glinkleterhx@redcross.org,Female,40.242.249.141
647,Maddy,Carress,mcarresshy@cornell.edu,Male,8.176.138.229
648,Alejandro,Covil,acovilhz@desdev.cn,Male,54.197.212.187
649,Lucien,MacPike,lmacpikei0@yandex.ru,Male,84.39.227.20
650,Sonia,Meddick,smeddicki1@vimeo.com,Female,160.113.209.168
651,Ulrikaumeko,Clapperton,uclappertoni2@ovh.net,Female,50.243.201.173
652,Tam,Sturm,tsturmi3@yolasite.com,Male,137.71.88.62
653,Maxie,Brockwell,mbrockwelli4@comsenz.com,Male,52.112.211.78
654,Clerc,Vanini,cvaninii5@e-recht24.de,Male,227.231.162.228
655,Rodolphe,Titman,rtitmani6@sfgate.com,Male,101.167.76.232
656,Mischa,O'Kieran,mokierani7@harvard.edu,Male,162.171.122.125
657,Rockwell,Grimwad,rgrimwadi8@geocities.jp,Male,27.40.47.182
658,Dicky,Spacie,dspaciei9@goo.gl,Male,40.49.195.177
659,Marion,Bilovsky,mbilovskyia@creativecommons.org,Male,214.25.126.226
660,Flossie,Dabinett,fdabinettib@toplist.cz,Female,137.220.181.39
661,Temple,Kobisch,tkobischic@geocities.jp,Male,18.35.198.20
662,Amelia,Rossbrook,arossbrookid@businesswire.com,Female,119.102.201.22
663,Spencer,Leverette,sleveretteie@unblog.fr,Male,136.238.151.32
664,Norton,Matisoff,nmatisoffif@fotki.com,Genderqueer,69.22.232.14
665,Virginia,Hadland,vhadlandig@dagondesign.com,Female,170.82.103.87
666,Fannie,Tancock,ftancockih@techcrunch.com,Female,14.224.173.25
667,Bronson,Kinworthy,bkinworthyii@youtube.com,Male,179.155.121.33
668,Stanly,Danes,sdanesij@theguardian.com,Male,13.84.48.1
669,Sheridan,Worstall,sworstallik@booking.com,Male,11.101.246.174
670,Aurea,Giddins,agiddinsil@homestead.com,Female,12.58.86.102
671,Sandro,Coolican,scoolicanim@google.ru,Male,119.62.117.240
672,Bear,Norville,bnorvillein@freewebs.com,Male,19.5.244.241
673,Curtis,McClaren,cmcclarenio@nsw.gov.au,Male,68.130.36.52
674,Joseph,Pala,jpalaip@ox.ac.uk,Male,182.40.100.92
675,Tommie,Hizir,thiziriq@bizjournals.com,Female,245.246.230.114
676,Revkah,Judkin,rjudkinir@php.net,Female,52.24.27.41
677,Tish,Felkin,tfelkinis@sbwire.com,Female,31.87.248.134
678,Frederica,Finding,ffindingit@japanpost.jp,Female,132.120.214.67
679,Adi,Karoly,akarolyiu@privacy.gov.au,Female,203.203.63.230
680,Cheston,Vere,cvereiv@google.co.uk,Male,205.240.5.29
681,Mabelle,Darnborough,mdarnboroughiw@imdb.com,Female,156.20.115.179
682,Berke,Horribine,bhorribineix@lulu.com,Male,42.134.45.114
683,Kristin,Bittleson,kbittlesoniy@google.nl,Female,208.171.252.145
684,Ranee,Ferras,rferrasiz@microsoft.com,Female,119.144.45.232
685,Isaiah,Saunton,isauntonj0@google.cn,Male,3.246.105.232
686,Pavla,De Bruyne,pdebruynej1@redcross.org,Female,35.164.1.240
687,Yorker,Goldring,ygoldringj2@fc2.com,Male,33.193.235.253
688,Abner,Zannuto,azannutoj3@yolasite.com,Male,50.115.197.58
689,Dario,Matthiae,dmatthiaej4@sfgate.com,Male,68.120.95.49
690,Elfrida,Dumphreys,edumphreysj5@geocities.com,Female,195.81.87.144
691,Anett,Gainsboro,againsboroj6@oaic.gov.au,Female,218.82.106.210
692,Vasilis,Gatiss,vgatissj7@psu.edu,Agender,174.216.173.85
693,Ab,Lemanu,alemanuj8@shareasale.com,Male,105.65.44.24
694,Margarette,Oates,moatesj9@addthis.com,Female,116.57.21.136
695,Lynnet,Trevorrow,ltrevorrowja@time.com,Female,232.235.211.210
696,Belia,Tremouille,btremouillejb@soup.io,Female,23.91.82.159
697,Rorke,Jennrich,rjennrichjc@sbwire.com,Male,7.194.143.206
698,Terencio,Truter,ttruterjd@rediff.com,Male,95.76.153.27
699,Barry,Cowmeadow,bcowmeadowje@illinois.edu,Male,197.240.253.216
700,Revkah,Cosley,rcosleyjf@ted.com,Female,88.199.203.101
701,Lucho,Sterrick,lsterrickjg@phoca.cz,Male,67.46.117.210
702,Eddi,Pittock,epittockjh@abc.net.au,Female,113.108.91.151
703,Logan,Crang,lcrangji@desdev.cn,Male,30.18.120.153
704,Sandy,Ham,shamjj@slashdot.org,Male,39.179.173.107
705,Ber,Fazzioli,bfazziolijk@technorati.com,Male,128.48.17.83
706,Michal,Yanne,myannejl@mediafire.com,Male,154.77.246.55
707,Far,Lytle,flytlejm@mysql.com,Male,10.205.26.130
708,Bendite,Anning,banningjn@psu.edu,Female,68.96.238.110
709,Karil,Gitsham,kgitshamjo@china.com.cn,Female,85.60.21.62
710,Mallory,Dugald,mdugaldjp@scientificamerican.com,Female,122.65.138.28
711,Consuelo,Pool,cpooljq@mapy.cz,Bigender,22.116.68.124
712,Jessamine,Haydon,jhaydonjr@mac.com,Female,14.174.19.27
713,Dev,Thiese,dthiesejs@unc.edu,Male,175.71.115.160
714,Arny,Every,aeveryjt@indiatimes.com,Male,199.35.136.198
715,Caprice,Bellson,cbellsonju@mapy.cz,Female,49.221.125.248
716,Katya,Bakey,kbakeyjv@usgs.gov,Female,117.144.99.72
717,Trace,Phil,tphiljw@aboutads.info,Male,26.80.118.112
718,Dame,Andriolli,dandriollijx@gov.uk,Male,221.47.54.144
719,Mariele,Josefovic,mjosefovicjy@about.me,Female,96.67.100.11
720,Rinaldo,Haggis,rhaggisjz@slideshare.net,Male,169.91.124.205
721,Tonia,Darkott,tdarkottk0@oracle.com,Bigender,233.199.114.197
722,Ruben,Birtwisle,rbirtwislek1@networkadvertising.org,Male,104.140.134.146
723,Tomi,Fakes,tfakesk2@cam.ac.uk,Female,53.19.34.206
724,Chico,Bubbins,cbubbinsk3@chicagotribune.com,Male,242.55.119.158
725,Ambrosi,Unitt,aunittk4@w3.org,Male,100.164.251.76
726,Kandace,Aughton,kaughtonk5@cnet.com,Female,229.6.244.247
727,Sholom,Reyner,sreynerk6@google.co.uk,Male,216.240.80.64
728,Berri,Nortunen,bnortunenk7@amazon.co.uk,Female,70.27.52.98
729,Janka,Kolakovic,jkolakovick8@qq.com,Female,153.7.124.1
730,Gerald,Reedie,greediek9@stanford.edu,Male,228.71.83.195
731,Fionna,Costy,fcostyka@xinhuanet.com,Female,178.250.59.37
732,Damaris,Blint,dblintkb@cnbc.com,Female,114.152.105.226
733,Bentlee,Varker,bvarkerkc@nifty.com,Male,236.131.107.225
734,Eugene,Pavis,epaviskd@amazon.de,Male,246.228.180.163
735,Fernando,Lahrs,flahrske@instagram.com,Male,215.38.180.151
736,Farra,Hopfner,fhopfnerkf@a8.net,Female,123.29.19.123
737,Udale,Ventum,uventumkg@nytimes.com,Male,57.175.52.140
738,Garrett,Loges,glogeskh@msu.edu,Male,162.108.33.103
739,Jeanie,Britcher,jbritcherki@e-recht24.de,Female,228.93.26.91
740,Geoffry,De Haven,gdehavenkj@slashdot.org,Male,85.222.182.15
741,Findley,Alford,falfordkk@google.ru,Male,48.109.29.229
742,Bent,Fearenside,bfearensidekl@hexun.com,Male,107.228.94.31
743,Anallese,Thebeaud,athebeaudkm@ocn.ne.jp,Female,88.139.239.207
744,Odilia,McFeat,omcfeatkn@mlb.com,Female,154.70.72.142
745,Tripp,Pagan,tpaganko@gnu.org,Male,3.209.168.235
746,Gerti,Churn,gchurnkp@symantec.com,Female,232.243.241.7
747,Sherri,Camus,scamuskq@rediff.com,Female,42.246.90.21
748,Burgess,Gask,bgaskkr@pbs.org,Male,88.48.252.231
749,Charis,Clemendet,cclemendetks@wufoo.com,Female,239.63.131.219
750,Dominik,Wonfar,dwonfarkt@wiley.com,Male,123.94.229.5
751,Parry,Pelz,ppelzku@economist.com,Male,25.176.197.24
752,Caitrin,Murcutt,cmurcuttkv@mozilla.org,Female,149.48.70.253
753,Lorita,Thirsk,lthirskkw@blogger.com,Female,28.176.239.8
754,Collette,Chatenier,cchatenierkx@goo.ne.jp,Female,170.253.180.92
755,Loleta,Playden,lplaydenky@technorati.com,Female,15.148.100.7
756,Giovanni,Geikie,ggeikiekz@e-recht24.de,Male,130.196.194.130
757,Helge,McGown,hmcgownl0@businessinsider.com,Female,12.33.25.133
758,Rochette,Beal,rbeall1@bandcamp.com,Female,87.176.151.223
759,Caterina,Perrinchief,cperrinchiefl2@nationalgeographic.com,Female,95.141.78.81
760,Casper,Tewkesberry,ctewkesberryl3@eventbrite.com,Male,77.33.4.32
761,Norby,Rantoul,nrantoull4@xing.com,Male,153.190.169.27
762,Ricky,Johl,rjohll5@posterous.com,Female,149.192.140.20
763,Guilbert,Pointer,gpointerl6@msn.com,Male,171.226.210.158
764,Hirsch,Carmen,hcarmenl7@spotify.com,Male,171.131.62.229
765,Deeanne,Dunklee,ddunkleel8@phpbb.com,Female,176.10.35.213
766,Eleonore,Garnul,egarnull9@berkeley.edu,Female,21.153.115.28
767,Allayne,Pomery,apomeryla@house.gov,Male,116.61.37.229
768,Gard,MacDermid,gmacdermidlb@aboutads.info,Male,93.203.147.143
769,Kathryne,Roddan,kroddanlc@dell.com,Female,73.149.111.219
770,Andrei,Chesman,achesmanld@plala.or.jp,Female,198.52.28.205
771,Seumas,Staples,sstaplesle@domainmarket.com,Male,88.2.193.113
772,Chicky,Glitherow,cglitherowlf@mozilla.com,Male,173.234.207.18
773,Morly,Damerell,mdamerelllg@microsoft.com,Male,181.136.253.152
774,Jania,Peacocke,jpeacockelh@patch.com,Female,201.168.166.235
775,Ruttger,Schoenleiter,rschoenleiterli@360.cn,Male,38.104.119.93
776,Mona,Wilman,mwilmanlj@google.com.au,Female,140.97.64.160
777,Osgood,Swiggs,oswiggslk@yale.edu,Polygender,225.34.30.165
778,Millard,Pynner,mpynnerll@bravesites.com,Genderfluid,197.214.5.217
779,Danny,Chaudret,dchaudretlm@ehow.com,Female,239.208.241.228
780,Randa,Antic,ranticln@senate.gov,Female,53.32.248.222
781,Joice,Giffard,jgiffardlo@bravesites.com,Genderfluid,251.56.97.58
782,Konstantine,Annakin,kannakinlp@gravatar.com,Male,91.130.50.15
783,Maitilde,Gerold,mgeroldlq@t.co,Female,126.242.251.104
784,Margaretha,Nickols,mnickolslr@techcrunch.com,Female,191.198.226.71
785,Tailor,Kull,tkullls@nbcnews.com,Male,163.67.181.13
786,Nessi,Bicksteth,nbickstethlt@godaddy.com,Female,111.57.254.123
787,Selie,O'Donegan,sodoneganlu@wikispaces.com,Female,0.230.204.245
788,Ken,Dekeyser,kdekeyserlv@springer.com,Male,152.16.214.93
789,Ignace,Rouf,irouflw@ucoz.ru,Male,42.225.221.127
790,Emlen,Pietrasik,epietrasiklx@alibaba.com,Agender,8.98.56.13
791,Nola,De Giorgio,ndegiorgioly@gizmodo.com,Female,206.164.193.74
792,Rorie,Londesborough,rlondesboroughlz@tiny.cc,Female,193.246.147.218
793,Jerrold,Hencke,jhenckem0@google.com.au,Male,79.182.253.49
794,Vince,De Filippis,vdefilippism1@wunderground.com,Genderqueer,55.191.221.93
795,Lockwood,Taffley,ltaffleym2@blinklist.com,Male,254.35.188.232
796,Ceil,Gregori,cgregorim3@jugem.jp,Female,206.172.79.251
797,Abelard,Dee,adeem4@chronoengine.com,Male,191.215.163.172
798,Eduino,Knevit,eknevitm5@ehow.com,Male,29.204.125.67
799,Rowan,Delle,rdellem6@yandex.ru,Male,231.247.206.26
800,Pacorro,Condit,pconditm7@businesswire.com,Genderqueer,102.221.55.201
801,Klara,Knapper,kknapperm8@newyorker.com,Female,181.93.137.202
802,Giuseppe,Scaysbrook,gscaysbrookm9@answers.com,Male,26.245.243.121
803,Drud,Wormstone,dwormstonema@studiopress.com,Male,227.214.44.15
804,Wallie,Lafflin,wlafflinmb@paginegialle.it,Male,97.118.88.177
805,Raychel,Dibson,rdibsonmc@shutterfly.com,Female,74.32.80.44
806,Raphaela,Lathe,rlathemd@merriam-webster.com,Female,150.190.209.70
807,Crosby,Jaggli,cjagglime@skype.com,Bigender,58.105.85.136
808,Evvy,Grigorian,egrigorianmf@shutterfly.com,Genderfluid,83.59.157.37
809,Austina,Prebble,aprebblemg@wix.com,Agender,137.41.186.125
810,Ikey,Boddice,iboddicemh@flavors.me,Male,78.177.31.53
811,Alix,Perone,aperonemi@sourceforge.net,Female,87.168.202.99
812,Chelsea,Mapp,cmappmj@clickbank.net,Bigender,114.105.79.74
813,Kamillah,Fansy,kfansymk@who.int,Genderqueer,4.244.70.153
814,Douglas,La Rosa,dlarosaml@earthlink.net,Male,86.196.75.15
815,Nikolas,MacParlan,nmacparlanmm@hugedomains.com,Non-binary,181.54.222.40
816,Ignace,Bance,ibancemn@shinystat.com,Male,40.190.77.148
817,Eolande,Rubinowitsch,erubinowitschmo@csmonitor.com,Female,179.43.98.154
818,Jimmy,Affuso,jaffusomp@ucsd.edu,Male,163.169.199.119
819,Corissa,Belli,cbellimq@wsj.com,Female,20.12.245.87
820,Montgomery,Ruggles,mrugglesmr@behance.net,Male,4.84.252.63
821,Jacky,Lundberg,jlundbergms@amazonaws.com,Male,196.54.251.184
822,Sheelah,Bewshaw,sbewshawmt@tmall.com,Female,244.36.25.131
823,Chucho,Treasure,ctreasuremu@usnews.com,Male,69.154.98.135
824,Yancy,Chiene,ychienemv@hud.gov,Male,138.249.42.206
825,Dell,Tilzey,dtilzeymw@tinyurl.com,Female,129.198.87.159
826,Mahmud,Taylor,mtaylormx@dmoz.org,Male,232.41.166.136
827,Travers,Lambell,tlambellmy@shareasale.com,Male,27.197.194.17
828,Dominick,Duquesnay,dduquesnaymz@pinterest.com,Male,44.5.146.68
829,Stillmann,Dmitriev,sdmitrievn0@diigo.com,Male,235.25.206.227
830,Fabe,Edler,fedlern1@bizjournals.com,Polygender,156.11.241.16
831,Rania,Eshmade,reshmaden2@archive.org,Female,67.232.96.111
832,Cherice,Lotwich,clotwichn3@blogtalkradio.com,Female,104.232.252.218
833,Ahmed,Pellatt,apellattn4@oracle.com,Male,204.44.190.173
834,Saunder,Switsur,sswitsurn5@latimes.com,Male,68.38.77.79
835,Harold,Collyear,hcollyearn6@topsy.com,Male,248.112.230.249
836,Olwen,Bridat,obridatn7@walmart.com,Female,36.150.149.26
837,Roma,Kinnier,rkinniern8@ocn.ne.jp,Male,158.214.78.7
838,Leticia,Kidson,lkidsonn9@huffingtonpost.com,Female,10.155.104.75
839,Ruthanne,Ovitts,rovittsna@cdbaby.com,Female,69.120.245.187
840,Mariejeanne,Imos,mimosnb@tmall.com,Female,187.45.52.174
841,Dynah,Goundrill,dgoundrillnc@cnbc.com,Female,25.110.114.53
842,Berty,Cookney,bcookneynd@cpanel.net,Male,200.55.48.3
843,Cully,Rosellini,crosellinine@va.gov,Male,143.201.225.58
844,Jada,Gristock,jgristocknf@shutterfly.com,Female,230.165.104.216
845,Daniella,Puve,dpuveng@digg.com,Female,246.250.189.69
846,Geri,Cuel,gcuelnh@wordpress.com,Female,38.161.49.222
847,Sherm,Slinn,sslinnni@google.co.jp,Genderfluid,2.163.202.14
848,Kyla,Hutton,khuttonnj@ustream.tv,Non-binary,220.73.230.227
849,Cheri,Drennan,cdrennannk@disqus.com,Female,70.181.47.185
850,Jory,Wayne,jwaynenl@geocities.com,Male,179.206.149.182
851,Chantalle,Crinkley,ccrinkleynm@zimbio.com,Female,238.83.66.91
852,Quillan,Sockell,qsockellnn@miitbeian.gov.cn,Male,125.53.184.122
853,Lisha,Tilsley,ltilsleyno@trellian.com,Female,127.99.109.69
854,Earl,Clibbery,eclibberynp@yahoo.com,Male,249.201.155.42
855,Jolie,Seller,jsellernq@sciencedirect.com,Female,33.215.214.142
856,Velma,Dunabie,vdunabienr@utexas.edu,Polygender,78.116.112.29
857,Burk,Ifill,bifillns@utexas.edu,Male,85.210.184.234
858,Charlotta,Derges,cdergesnt@ocn.ne.jp,Female,226.119.98.45
859,Aloin,Melato,amelatonu@wsj.com,Male,236.235.184.125
860,Cody,Poser,cposernv@harvard.edu,Male,245.70.241.20
861,Leonora,Thomen,lthomennw@cisco.com,Female,42.234.247.149
862,Leonidas,Wyatt,lwyattnx@examiner.com,Male,52.192.163.212
863,Urban,Sparshott,usparshottny@yellowpages.com,Male,136.243.0.42
864,Isidor,Martinetto,imartinettonz@taobao.com,Male,238.247.61.163
865,Monah,Malter,mmaltero0@nytimes.com,Female,82.220.135.146
866,Clim,Arr,carro1@mail.ru,Male,130.29.105.144
867,Mariejeanne,Boaler,mboalero2@nationalgeographic.com,Non-binary,174.71.239.24
868,Aaren,Dittson,adittsono3@yellowbook.com,Female,171.8.149.69
869,Jeno,Gartsyde,jgartsydeo4@icio.us,Male,89.243.58.218
870,Thurstan,Tanser,ttansero5@e-recht24.de,Male,86.213.110.182
871,Richart,Fogden,rfogdeno6@skyrock.com,Non-binary,95.150.219.144
872,Rip,Heaffey,rheaffeyo7@hao123.com,Male,208.50.60.6
873,Demetria,Braam,dbraamo8@slashdot.org,Female,11.178.136.30
874,Welsh,Hodges,whodgeso9@oracle.com,Bigender,203.7.66.55
875,Brodie,Tierny,btiernyoa@wikispaces.com,Male,247.53.42.213
876,Krysta,Lukovic,klukovicob@scribd.com,Female,29.141.229.244
877,Karoly,Folley,kfolleyoc@liveinternet.ru,Female,143.49.186.157
878,Christin,McCowen,cmccowenod@goo.ne.jp,Female,97.12.180.175
879,Jenelle,Featherstonehaugh,jfeatherstonehaughoe@addtoany.com,Female,153.244.119.89
880,Maddi,Ciottoi,mciottoiof@cnbc.com,Female,128.137.177.15
881,Deidre,Curee,dcureeog@ed.gov,Female,84.55.94.35
882,Kris,De Hoogh,kdehooghoh@webeden.co.uk,Female,210.210.207.192
883,Diego,Mc Harg,dmchargoi@cnbc.com,Male,209.28.46.145
884,Cathe,Roll,crolloj@gmpg.org,Female,9.223.151.43
885,Reginauld,Duiged,rduigedok@irs.gov,Male,114.110.139.166
886,Ivory,Conichie,iconichieol@dot.gov,Female,64.159.31.88
887,Phyllida,Fleischer,pfleischerom@forbes.com,Female,60.156.73.125
888,Mabel,Rushworth,mrushworthon@exblog.jp,Female,169.238.24.76
889,Herbert,Bolesma,hbolesmaoo@freewebs.com,Male,203.208.17.98
890,Randi,Shattock,rshattockop@ihg.com,Female,248.33.82.10
891,Dedie,Esposi,desposioq@is.gd,Female,205.72.4.236
892,Nathanil,Parkman,nparkmanor@patch.com,Male,211.139.235.34
893,Avery,Ablewhite,aablewhiteos@cnbc.com,Male,233.194.9.236
894,Larine,Paula,lpaulaot@dagondesign.com,Female,23.60.166.49
895,Bernardo,Wrigley,bwrigleyou@posterous.com,Male,127.204.136.122
896,Chicky,Bergen,cbergenov@yahoo.co.jp,Male,158.17.250.124
897,Godfrey,Shmyr,gshmyrow@alibaba.com,Male,235.37.70.250
898,Mahmoud,Dainty,mdaintyox@mediafire.com,Male,104.220.62.154
899,Sayers,Wooland,swoolandoy@qq.com,Male,152.236.36.206
900,Mallorie,Hornung,mhornungoz@nydailynews.com,Female,213.246.67.71
901,Phebe,Band,pbandp0@merriam-webster.com,Female,2.56.246.116
902,Randell,Gerritsma,rgerritsmap1@apple.com,Non-binary,162.205.84.79
903,Melanie,Lightfoot,mlightfootp2@harvard.edu,Female,217.8.80.99
904,Fulvia,Calverley,fcalverleyp3@jigsy.com,Female,121.117.176.134
905,Rosamond,MacKartan,rmackartanp4@ibm.com,Female,99.62.12.179
906,Fremont,Verry,fverryp5@ehow.com,Male,201.195.220.49
907,Melvin,Harrowell,mharrowellp6@reverbnation.com,Male,68.160.197.227
908,Merilyn,Sutty,msuttyp7@lycos.com,Genderqueer,161.31.194.105
909,Keith,Pattesall,kpattesallp8@sphinn.com,Male,135.8.79.36
910,Inessa,Anstee,iansteep9@list-manage.com,Female,129.41.77.134
911,Norbie,Borwick,nborwickpa@yelp.com,Male,105.108.28.167
912,Amelie,Drust,adrustpb@multiply.com,Female,96.108.249.116
913,Vivien,Guy,vguypc@over-blog.com,Female,236.145.114.184
914,Matthiew,Budgey,mbudgeypd@zimbio.com,Male,215.141.145.91
915,Dewey,O'Dyvoy,dodyvoype@patch.com,Male,250.71.118.121
916,Gael,Heibel,gheibelpf@soup.io,Male,197.204.41.194
917,Annmaria,Elphinstone,aelphinstonepg@nsw.gov.au,Female,105.208.117.110
918,Sam,Stubbington,sstubbingtonph@cnn.com,Male,156.7.39.125
919,Corty,Scay,cscaypi@hc360.com,Male,146.240.18.95
920,Ansley,Duckerin,aduckerinpj@t-online.de,Female,163.255.35.227
921,Virge,Aukland,vauklandpk@gizmodo.com,Male,95.138.191.0
922,Tabb,Haizelden,thaizeldenpl@people.com.cn,Male,157.120.130.29
923,Ettie,Blees,ebleespm@psu.edu,Female,41.38.162.144
924,Howey,Brogden,hbrogdenpn@yandex.ru,Male,178.138.146.146
925,Venus,Dunnet,vdunnetpo@toplist.cz,Female,254.38.178.67
926,Arron,Risson,arissonpp@xrea.com,Male,155.243.170.141
927,Doe,Mancktelow,dmancktelowpq@smh.com.au,Female,132.106.135.53
928,Godwin,Barr,gbarrpr@biblegateway.com,Male,54.95.199.243
929,Marlin,Antcliffe,mantcliffeps@squarespace.com,Male,73.71.3.11
930,Ange,Grimwood,agrimwoodpt@samsung.com,Female,190.26.160.135
931,Adora,Brader,abraderpu@salon.com,Polygender,110.92.233.200
932,Daffie,Westmore,dwestmorepv@ihg.com,Female,39.10.179.62
933,Terrel,Liebrecht,tliebrechtpw@usda.gov,Male,115.136.13.35
934,Clerc,Latch,clatchpx@yandex.ru,Male,164.99.8.26
935,Lanae,Pawlicki,lpawlickipy@nps.gov,Female,75.27.172.9
936,Nealson,Ramlot,nramlotpz@imgur.com,Male,192.74.81.133
937,Fred,McGinny,fmcginnyq0@amazon.de,Female,151.32.90.137
938,Roderigo,Iskowicz,riskowiczq1@intel.com,Male,2.34.174.128
939,Moises,Whaites,mwhaitesq2@earthlink.net,Male,224.201.86.104
940,Derwin,Newlands,dnewlandsq3@deliciousdays.com,Male,234.132.102.14
941,Abbey,De Lasci,adelasciq4@cpanel.net,Polygender,233.198.16.176
942,Minetta,Romagosa,mromagosaq5@springer.com,Female,131.216.86.70
943,Maurizio,Itzhaiek,mitzhaiekq6@elegantthemes.com,Male,37.53.160.231
944,Mignon,Jonathon,mjonathonq7@ezinearticles.com,Female,202.242.29.50
945,Weylin,Schwanden,wschwandenq8@sogou.com,Agender,128.215.236.0
946,Cathlene,Illesley,cillesleyq9@ask.com,Female,105.165.59.41
947,Daron,Mc Grath,dmcgrathqa@thetimes.co.uk,Female,206.134.110.44
948,Timmie,Trembley,ttrembleyqb@xrea.com,Male,53.181.177.198
949,Lorrie,Koles,lkolesqc@soundcloud.com,Male,9.198.99.170
950,Ariadne,Kilfeder,akilfederqd@histats.com,Female,215.49.145.160
951,Tove,Skeete,tskeeteqe@engadget.com,Female,3.107.164.53
952,Way,Spikins,wspikinsqf@cocolog-nifty.com,Agender,254.234.96.132
953,Joyann,Yeell,jyeellqg@godaddy.com,Female,23.236.253.48
954,Adham,Muddiman,amuddimanqh@seesaa.net,Male,78.230.18.183
955,Beckie,Shulem,bshulemqi@ow.ly,Female,108.97.110.112
956,Grazia,Mathivat,gmathivatqj@upenn.edu,Female,31.171.141.86
957,Marlon,Sutherns,msuthernsqk@webnode.com,Male,101.223.231.12
958,Stanwood,Double,sdoubleql@ted.com,Genderqueer,154.18.163.116
959,Anet,Umbert,aumbertqm@php.net,Female,188.93.208.114
960,Ansley,Lauret,alauretqn@ehow.com,Female,252.150.100.61
961,Kathleen,Lightbowne,klightbowneqo@mlb.com,Female,211.12.10.3
962,Briggs,Gives,bgivesqp@furl.net,Male,99.126.160.126
963,Augy,Stibbs,astibbsqq@bizjournals.com,Non-binary,254.62.137.24
964,Ettore,Poundsford,epoundsfordqr@upenn.edu,Male,57.138.211.152
965,Antony,Stanfield,astanfieldqs@comsenz.com,Male,20.200.138.100
966,Larisa,Probat,lprobatqt@va.gov,Female,72.247.186.184
967,Morissa,Ackerman,mackermanqu@icio.us,Female,178.232.86.223
968,Boonie,Bradneck,bbradneckqv@wikipedia.org,Male,152.134.236.149
969,Anne-marie,Blumer,ablumerqw@deliciousdays.com,Female,154.156.161.70
970,Gene,Benzing,gbenzingqx@hibu.com,Polygender,36.41.50.68
971,Hilary,Umpleby,humplebyqy@columbia.edu,Female,58.8.131.248
972,Alejoa,Derx,aderxqz@cam.ac.uk,Male,54.135.0.96
973,Mallory,Stienton,mstientonr0@wikimedia.org,Male,121.101.93.42
974,Neil,Dougherty,ndoughertyr1@wordpress.org,Male,225.164.150.33
975,Angelita,Considine,aconsidiner2@gizmodo.com,Female,189.24.73.143
976,Dunstan,Gorghetto,dgorghettor3@unblog.fr,Agender,113.7.128.8
977,Lars,Hurran,lhurranr4@whitehouse.gov,Male,57.42.57.149
978,Annora,Loader,aloaderr5@sciencedaily.com,Female,244.40.105.161
979,Ewan,Lesaunier,elesaunierr6@vk.com,Male,103.120.25.211
980,Tobit,Spensly,tspenslyr7@ted.com,Male,162.21.121.8
981,Harlen,Kingzet,hkingzetr8@ucoz.ru,Male,218.227.103.237
982,Carlina,Duffit,cduffitr9@ezinearticles.com,Female,235.41.65.12
983,Dre,McCunn,dmccunnra@canalblog.com,Female,190.156.55.184
984,Jose,Wainscoat,jwainscoatrb@scientificamerican.com,Male,218.55.182.136
985,Norbert,Clarycott,nclarycottrc@mayoclinic.com,Male,166.91.177.247
986,Mellisa,Tenman,mtenmanrd@tripod.com,Non-binary,158.125.140.1
987,Mikol,Cowherd,mcowherdre@hp.com,Male,202.15.29.243
988,Mozes,Mulholland,mmulhollandrf@psu.edu,Non-binary,93.197.230.41
989,Fredrika,Mustarde,fmustarderg@ask.com,Female,28.7.115.168
990,Brennen,Brevitt,bbrevittrh@joomla.org,Polygender,233.190.230.173
991,Harriet,Stalley,hstalleyri@si.edu,Female,71.9.176.178
992,Paco,Garlant,pgarlantrj@pagesperso-orange.fr,Male,26.213.127.240
993,Aaren,Beeck,abeeckrk@nasa.gov,Female,240.131.2.232
994,Noel,Mitchall,nmitchallrl@nytimes.com,Female,34.173.27.33
995,Immanuel,Kennon,ikennonrm@bizjournals.com,Male,99.35.208.167
996,Joyce,Waterdrinker,jwaterdrinkerrn@discovery.com,Female,181.77.16.116
997,Jorge,Skotcher,jskotcherro@ask.com,Male,158.232.96.178
998,Cherida,Boothby,cboothbyrp@twitpic.com,Female,161.207.169.222
999,Devon,Sill,dsillrq@dailymail.co.uk,Female,144.49.19.250
1000,Harlene,Zuanelli,hzuanellirr@comsenz.com,Female,244.16.30.235
